<?xml version="1.0" encoding="UTF-8" standalone="yes"?>
<businessContext xmlns="http://xmlns.oracle.com/procmon" id="OrderProces_IOghgSFR" name="OrderProcess" revision="1.0" version="1.0">
    <description>This is a part of the Insights Demo which is dependent on Online Order integrations</description>
    <noun>
        <singular>Order</singular>
        <plural>Orders</plural>
    </noun>
    <identifiers>
        <identifier id="OrderNumber_gGrZqORX" name="Order Number" ref="OrderReceiv_gLqXjWeZ">
            <description>Unique order number</description>
        </identifier>
    </identifiers>
    <milestones>
        <milestone id="OrderReceiv_gLqXjWeZ" name="Order Received" type="Initial">
            <description>Order received through website</description>
        </milestone>
        <milestone id="DeclinePaym_UcJfjiLS" name="Decline Payment" type="Faulted">
            <description>Credit card check failed but still can be remedied. Eg: Typos</description>
        </milestone>
        <milestone id="ShipOrder_uZJGFHKD" name="Ship Order" type="Standard">
            <description>Order has been shipped to customer</description>
        </milestone>
        <milestone id="Returnorder_lREhZKve" name="Return order" type="Faulted|Terminal">
            <description>This is a clear business error as a return of an order is considered a failure.</description>
        </milestone>
        <milestone id="CompleteOrd_WDVmCXkl" name="Complete Order" type="Terminal">
            <description>Order is complete</description>
        </milestone>
    </milestones>
    <businessConstants>
        <businessConstant id="Model_omMbhdxj" name="Model" ref="OrderReceiv_gLqXjWeZ" filterable="true">
            <description>Model of product</description>
        </businessConstant>
        <businessConstant id="ReturnReaso_LAQYlSzu" name="Return Reason" ref="Returnorder_lREhZKve" filterable="true">
            <description>Reason why order was returned</description>
        </businessConstant>
        <businessConstant id="ShippingSta_cgZiaNbt" name="Shipping State" ref="OrderReceiv_gLqXjWeZ" filterable="true">
            <description>US state to which order has been shipped</description>
        </businessConstant>
    </businessConstants>
    <businessFacts>
        <businessFact id="TotalOrderA_QNvVefpI" name="Total Order Amount" ref="OrderReceiv_gLqXjWeZ" filterable="true">
            <description>Total Price of order</description>
        </businessFact>
        <businessFact id="NumberofIte_TErRYPOk" name="Number of Items" ref="OrderReceiv_gLqXjWeZ" filterable="false">
            <description>Total number of items in order</description>
        </businessFact>
    </businessFacts>
    <properties>
        <property name="modelIcon" value="ID2"/>
        <property name="pendingTasks" value="0"/>
        <property name="totalTasks" value="1"/>
    </properties>
</businessContext>
