<?xml version="1.0" encoding="UTF-8" standalone="yes"?>
<businessContextMapping xmlns="http://xmlns.oracle.com/procmon" businessContextId="OrderProces_IOghgSFR">
    <identifierMappings>
        <identifier identifierId="OrderNumber_gGrZqORX" mapType="wire" mapping="milestone:OrderReceiv_gLqXjWeZ" value="identifier:OrderNumber_gGrZqORX" outputDataType="string" connectionId="ApiConnDef_001" productType="EXTERNAL" ref="OrderReceiv_gLqXjWeZ"/>
        <identifier identifierId="OrderNumber_gGrZqORX" mapType="bpel" mapping="ONLINE_SHOPPING_APP2/01.00.0000/r0" mappingDesc="ONLINE_SHOPPING_APP2/01.00.0000/Online Shopping App/r0/OrderReceived/receive" value="/nssrcmpr:execute/nsmpr1:request-wrapper/nsmpr1:OrderId" valueVersion="v1" outputDataType="string" outputNamespace="http://xmlns.oracle.com/cloud/adapter/REST/OrderReceived/types" connectionId="OCI_OIC_Integration" productType="ICS" ref="OrderReceiv_gLqXjWeZ" xmlns:nsmpr1="http://xmlns.oracle.com/cloud/adapter/REST/OrderReceived/types" xmlns:nssrcmpr="http://xmlns.oracle.com/cloud/adapter/REST/OrderReceived_REQUEST/types"/>
    </identifierMappings>
    <milestoneMappings>
        <milestone milestoneId="OrderReceiv_gLqXjWeZ">
            <milestoneMapping mapType="wire" mapping="milestone:OrderReceiv_gLqXjWeZ" connectionId="ApiConnDef_001" productType="EXTERNAL"/>
            <milestoneMapping mapType="bpel" mapping="ONLINE_SHOPPING_APP2/01.00.0000/r0" mappingDesc="ONLINE_SHOPPING_APP2/01.00.0000/Online Shopping App/r0/OrderReceived/receive" connectionId="OCI_OIC_Integration" productType="ICS"/>
        </milestone>
        <milestone milestoneId="CompleteOrd_WDVmCXkl">
            <milestoneMapping mapType="wire" mapping="milestone:CompleteOrd_WDVmCXkl" connectionId="ApiConnDef_001" productType="EXTERNAL"/>
            <milestoneMapping mapType="bpel" mapping="ONLINE_SHOPPING_APP2/01.00.0000/y0" mappingDesc="ONLINE_SHOPPING_APP2/01.00.0000/Online Shopping App/y0/OrderReceived/reply" connectionId="OCI_OIC_Integration" productType="ICS"/>
        </milestone>
        <milestone milestoneId="ShipOrder_uZJGFHKD">
            <milestoneMapping mapType="wire" mapping="milestone:ShipOrder_uZJGFHKD" connectionId="ApiConnDef_001" productType="EXTERNAL"/>
            <milestoneMapping mapType="bpel" mapping="ONLINE_SHOPPING_APP2/01.00.0000/i3" mappingDesc="ONLINE_SHOPPING_APP2/01.00.0000/Online Shopping App/i3/ShipProduct/invoke" connectionId="OCI_OIC_Integration" productType="ICS"/>
        </milestone>
        <milestone milestoneId="DeclinePaym_UcJfjiLS">
            <milestoneMapping mapType="wire" mapping="milestone:DeclinePaym_UcJfjiLS" connectionId="ApiConnDef_001" productType="EXTERNAL"/>
            <milestoneMapping mapType="bpel" mapping="ONLINE_SHOPPING_APP2/01.00.0000/i2" mappingDesc="ONLINE_SHOPPING_APP2/01.00.0000/Online Shopping App/i2/DeclinePayment/invoke" connectionId="OCI_OIC_Integration" productType="ICS"/>
        </milestone>
        <milestone milestoneId="Returnorder_lREhZKve">
            <milestoneMapping mapType="wire" mapping="milestone:Returnorder_lREhZKve" connectionId="ApiConnDef_001" productType="EXTERNAL"/>
            <milestoneMapping mapType="bpel" mapping="ONLINE_SHOPPING_APP2/01.00.0000/i4" mappingDesc="ONLINE_SHOPPING_APP2/01.00.0000/Online Shopping App/i4/ReturnOrder/invoke" connectionId="OCI_OIC_Integration" productType="ICS"/>
        </milestone>
    </milestoneMappings>
    <businessFactMappings>
        <businessFact businessFactId="TotalOrderA_QNvVefpI" ref="OrderReceiv_gLqXjWeZ">
            <businessFactMapping mapType="wire" mapping="milestone:OrderReceiv_gLqXjWeZ" value="measure:TotalOrderA_QNvVefpI" outputDataType="integer" connectionId="ApiConnDef_001" productType="EXTERNAL"/>
            <businessFactMapping mapType="bpel" mapping="ONLINE_SHOPPING_APP2/01.00.0000/r0" mappingDesc="ONLINE_SHOPPING_APP2/01.00.0000/Online Shopping App/r0/OrderReceived/receive" value="/nssrcmpr:execute/nsmpr1:request-wrapper/nsmpr1:NumberOfItems * /nssrcmpr:execute/nsmpr1:request-wrapper/nsmpr1:UnitPrice" valueVersion="v1" outputDataType="integer" outputNamespace="http://xmlns.oracle.com/cloud/adapter/REST/OrderReceived/types" connectionId="OCI_OIC_Integration" productType="ICS" xmlns:nsmpr1="http://xmlns.oracle.com/cloud/adapter/REST/OrderReceived/types" xmlns:nssrcmpr="http://xmlns.oracle.com/cloud/adapter/REST/OrderReceived_REQUEST/types"/>
        </businessFact>
        <businessFact businessFactId="NumberofIte_TErRYPOk" ref="OrderReceiv_gLqXjWeZ">
            <businessFactMapping mapType="wire" mapping="milestone:OrderReceiv_gLqXjWeZ" value="measure:NumberofIte_TErRYPOk" outputDataType="integer" connectionId="ApiConnDef_001" productType="EXTERNAL"/>
            <businessFactMapping mapType="bpel" mapping="ONLINE_SHOPPING_APP2/01.00.0000/r0" mappingDesc="ONLINE_SHOPPING_APP2/01.00.0000/Online Shopping App/r0/OrderReceived/receive" value="/nssrcmpr:execute/nsmpr1:request-wrapper/nsmpr1:NumberOfItems" valueVersion="v1" outputDataType="integer" outputNamespace="http://xmlns.oracle.com/cloud/adapter/REST/OrderReceived/types" connectionId="OCI_OIC_Integration" productType="ICS" xmlns:nsmpr1="http://xmlns.oracle.com/cloud/adapter/REST/OrderReceived/types" xmlns:nssrcmpr="http://xmlns.oracle.com/cloud/adapter/REST/OrderReceived_REQUEST/types"/>
        </businessFact>
    </businessFactMappings>
    <businessConstantMappings>
        <businessConstant businessConstantsId="ShippingSta_cgZiaNbt" ref="OrderReceiv_gLqXjWeZ">
            <businessConstantMapping mapType="wire" mapping="milestone:OrderReceiv_gLqXjWeZ" value="dimension:ShippingSta_cgZiaNbt" outputDataType="string" connectionId="ApiConnDef_001" productType="EXTERNAL"/>
            <businessConstantMapping mapType="bpel" mapping="ONLINE_SHOPPING_APP2/01.00.0000/r0" mappingDesc="ONLINE_SHOPPING_APP2/01.00.0000/Online Shopping App/r0/OrderReceived/receive" value="/nssrcmpr:execute/nsmpr1:request-wrapper/nsmpr1:ShippingState" valueVersion="v1" outputDataType="string" outputNamespace="http://xmlns.oracle.com/cloud/adapter/REST/OrderReceived/types" connectionId="OCI_OIC_Integration" productType="ICS" xmlns:nsmpr1="http://xmlns.oracle.com/cloud/adapter/REST/OrderReceived/types" xmlns:nssrcmpr="http://xmlns.oracle.com/cloud/adapter/REST/OrderReceived_REQUEST/types"/>
        </businessConstant>
        <businessConstant businessConstantsId="ReturnReaso_LAQYlSzu" ref="Returnorder_lREhZKve">
            <businessConstantMapping mapType="wire" mapping="milestone:Returnorder_lREhZKve" value="dimension:ReturnReaso_LAQYlSzu" outputDataType="string" connectionId="ApiConnDef_001" productType="EXTERNAL"/>
            <businessConstantMapping mapType="bpel" mapping="ONLINE_SHOPPING_APP2/01.00.0000/i4" mappingDesc="ONLINE_SHOPPING_APP2/01.00.0000/Online Shopping App/i4/ReturnOrder/invoke" value="/nssrcmpr:execute/nsmpr10:request-wrapper/nsmpr10:ReturnReason" valueVersion="v1" outputDataType="string" outputNamespace="http://xmlns.oracle.com/cloud/adapter/REST/OrderReceived/types" connectionId="OCI_OIC_Integration" productType="ICS" xmlns:nsmpr10="http://xmlns.oracle.com/cloud/adapter/REST/OrderReceived/types" xmlns:nssrcmpr="http://xmlns.oracle.com/cloud/adapter/REST/OrderReceived_REQUEST/types"/>
        </businessConstant>
        <businessConstant businessConstantsId="Model_omMbhdxj" ref="OrderReceiv_gLqXjWeZ">
            <businessConstantMapping mapType="wire" mapping="milestone:OrderReceiv_gLqXjWeZ" value="dimension:Model_omMbhdxj" outputDataType="string" connectionId="ApiConnDef_001" productType="EXTERNAL"/>
            <businessConstantMapping mapType="bpel" mapping="ONLINE_SHOPPING_APP2/01.00.0000/r0" mappingDesc="ONLINE_SHOPPING_APP2/01.00.0000/Online Shopping App/r0/OrderReceived/receive" value="/nssrcmpr:execute/nsmpr1:request-wrapper/nsmpr1:Model" valueVersion="v1" outputDataType="string" outputNamespace="http://xmlns.oracle.com/cloud/adapter/REST/OrderReceived/types" connectionId="OCI_OIC_Integration" productType="ICS" xmlns:nsmpr1="http://xmlns.oracle.com/cloud/adapter/REST/OrderReceived/types" xmlns:nssrcmpr="http://xmlns.oracle.com/cloud/adapter/REST/OrderReceived_REQUEST/types"/>
        </businessConstant>
    </businessConstantMappings>
    <mapProperties>
        <property>
            <propKey>icsMessageContexts</propKey>
            <propValue xmlns:ns0="http://xmlns.oracle.com/procmon">
                <icsMessageContexts>
    <ns0:icsMessageContext integrationId="ONLINE_SHOPPING_APP2/01.00.0000">
        <ns0:entry>
            <ns0:icsVarName>^input</ns0:icsVarName>
            <ns0:contextId>messagecontext_13</ns0:contextId>
        </ns0:entry>
        <ns0:entry>
            <ns0:icsVarName>ReturnDecision</ns0:icsVarName>
            <ns0:contextId>messagecontext_937</ns0:contextId>
        </ns0:entry>
        <ns0:entry>
            <ns0:icsVarName>ShipProduct_REQUEST</ns0:icsVarName>
            <ns0:contextId>messagecontext_783</ns0:contextId>
        </ns0:entry>
        <ns0:entry>
            <ns0:icsVarName>ShipProduct</ns0:icsVarName>
            <ns0:contextId>messagecontext_785</ns0:contextId>
        </ns0:entry>
        <ns0:entry>
            <ns0:icsVarName>SubmitPayment</ns0:icsVarName>
            <ns0:contextId>messagecontext_86</ns0:contextId>
        </ns0:entry>
        <ns0:entry>
            <ns0:icsVarName>SubmitPayment_REQUEST</ns0:icsVarName>
            <ns0:contextId>messagecontext_84</ns0:contextId>
        </ns0:entry>
        <ns0:entry>
            <ns0:icsVarName>ReturnOrder_REQUEST</ns0:icsVarName>
            <ns0:contextId>messagecontext_1166</ns0:contextId>
        </ns0:entry>
        <ns0:entry>
            <ns0:icsVarName>CheckCredit</ns0:icsVarName>
            <ns0:contextId>messagecontext_340</ns0:contextId>
        </ns0:entry>
        <ns0:entry>
            <ns0:icsVarName>CheckCredit_REQUEST</ns0:icsVarName>
            <ns0:contextId>messagecontext_338</ns0:contextId>
        </ns0:entry>
        <ns0:entry>
            <ns0:icsVarName>ReturnOrder</ns0:icsVarName>
            <ns0:contextId>messagecontext_1168</ns0:contextId>
        </ns0:entry>
    </ns0:icsMessageContext>
</icsMessageContexts>
            </propValue>
        </property>
    </mapProperties>
</businessContextMapping>
