id,creationDate,lastUpdateDate,createdBy,lastUpdatedBy,pOHeaderId,orderNumber,buyerName,supplier,creationDate2,currency,orderedAmount,totalTaxAmount,totalAmount,noteToSupplier
21,2020-10-30T20:16:09,2020-11-03T17:02:42,aditya.trivedi@oracle.com,aditya.trivedi@oracle.com,300000214327378,PO#14,"Brown, Casey",ABC Consulting,2020-10-30T20:14:56.0Z,US Dollar1234,100,9.5,109.5,
41,2020-11-02T18:04:14,2020-11-04T14:41:53,aditya.trivedi@oracle.com,aditya.trivedi@oracle.com,300000214649777,PO#27,"Brown, Casey",ABC Consulting,2020-11-02T18:01:45.0Z,US Dollar,100,9.5,109.5,Test1234541
61,2020-11-03T15:53:35,2020-11-03T16:02:16,oic_nonfed_user,oic_nonfed_user,300000214650052,PO#31,"Brown, Casey",ABC Consulting,2020-11-03T15:52:08.0Z,US Dollar,100,9.5,109.5,Please expedite the supply process and deliver by 11/3/2020.
81,2020-11-03T21:21:34,2020-11-03T21:27:26,oic_nonfed_user,oic_nonfed_user,300000214799104,PO#33,"Brown, Casey",ABC Consulting,2020-11-03T21:20:19.0Z,US Dollar,100,9.5,109.5,Please expedite the supply process.
82,2020-11-03T21:24:39,2020-11-03T21:24:39.009,oic_nonfed_user,oic_nonfed_user,300000214799112,PO#34,"Brown, Casey",ABC Consulting,2020-11-03T21:21:56.0Z,US Dollar,100,9.5,109.5,
101,2020-11-04T07:31:21,2020-11-04T07:31:21.012,oic_nonfed_user,oic_nonfed_user,300000214799132,PO#35,"Roth, Calvin",Lee Supplies,2020-11-04T07:14:29.0Z,US Dollar,2500,237.5,2737.5,
121,2020-11-04T14:39:34,2020-11-04T14:39:34.019,oic_nonfed_user,oic_nonfed_user,300000214799751,PO#40,"Brown, Casey",ABC Consulting,2020-11-04T14:38:36.0Z,US Dollar,100,9.5,109.5,
122,2020-11-04T14:51:14,2020-11-04T14:53:22,oic_nonfed_user,oic_nonfed_user,300000214799760,PO#41,"Brown, Casey",ABC Consulting,2020-11-04T14:49:52.0Z,US Dollar,100,9.5,109.5,Please Expedite Shipping!
123,2020-11-04T15:20:20,2020-11-04T15:25:28,oic_nonfed_user,oic_nonfed_user,300000214799842,PO#43,"Brown, Casey",ABC Consulting,2020-11-04T15:19:17.0Z,US Dollar,100,9.5,109.5,Please Expedite the Shipping!
