{
    "fields": [
        {
            "displayLabel": "Id",
            "internal": true,
            "key": true,
            "name": "id",
            "oid": "b8c0c423-4ba1-43d7-8f31-4b1b2e55e571",
            "required": true,
            "type": "number",
            "unique": true
        },
        {
            "displayLabel": "Created",
            "internal": true,
            "name": "creationDate",
            "oid": "c61bd7da-bd61-4725-a37a-a897e090cbaa",
            "type": "datetime"
        },
        {
            "displayLabel": "Last Updated",
            "internal": true,
            "name": "lastUpdateDate",
            "oid": "b0bea570-8d43-4205-b9be-62f1b9a2d1bc",
            "type": "datetime"
        },
        {
            "displayLabel": "Created By",
            "internal": true,
            "name": "createdBy",
            "oid": "5e6d5cbd-cc79-422e-aab3-2db7e569ed1b",
            "type": "string"
        },
        {
            "displayLabel": "Last Updated By",
            "internal": true,
            "name": "lastUpdatedBy",
            "oid": "e0a3f70c-0df9-42e4-86b4-fd321f7cfaee",
            "type": "string"
        },
        {
            "displayLabel": "<internal>",
            "hidden": true,
            "internal": true,
            "name": "abcsChangeNumber",
            "oid": "78710129-81a4-40a3-845e-c30c309b4da8",
            "type": "number"
        },
        {
            "name": "pOHeaderId",
            "oid": "fb5e7b38-ea23-46cd-8e7a-439258650cf3",
            "displayLabel": "POHeaderId",
            "type": "string"
        },
        {
            "name": "orderNumber",
            "oid": "65239778-f09f-4af8-b10f-fa7904f9e703",
            "displayLabel": "OrderNumber",
            "type": "string"
        },
        {
            "name": "buyerName",
            "oid": "27699240-a88a-4b79-aab7-ddecdd03b47b",
            "displayLabel": "BuyerName",
            "type": "string"
        },
        {
            "name": "supplier",
            "oid": "68cef209-cf64-4306-9215-f586b44038da",
            "displayLabel": "Supplier",
            "type": "string"
        },
        {
            "name": "creationDate2",
            "oid": "2ba767a9-48c2-4dad-85ea-3d66284f095f",
            "displayLabel": "CreationDate",
            "type": "string"
        },
        {
            "name": "currency",
            "oid": "30c58101-1d4a-4775-bbb1-54ea7d6e81a0",
            "displayLabel": "Currency",
            "type": "string"
        },
        {
            "name": "orderedAmount",
            "oid": "ab9b5cc7-be29-4381-acdc-8170205644e1",
            "displayLabel": "OrderedAmount",
            "type": "string"
        },
        {
            "name": "totalTaxAmount",
            "oid": "b886db3a-4c84-411f-9c4d-c18bb5084ece",
            "displayLabel": "TotalTaxAmount",
            "type": "string"
        },
        {
            "name": "totalAmount",
            "oid": "a4f3ce33-b794-4584-8e18-12b0eab70ac1",
            "displayLabel": "TotalAmount",
            "type": "string"
        },
        {
            "name": "noteToSupplier",
            "oid": "7e92222e-4d7e-4120-bc49-b1b00f44be98",
            "displayLabel": "NoteToSupplier",
            "type": "string"
        }
    ],
    "name": "PODATA",
    "oid": "6d7ad766-6737-4277-89d4-ae355f772bf2",
    "displayLabel": "PO DATA",
    "security": {
        "type": "local",
        "acl": [
            {
                "roleId": "approle.anonymous.user",
                "privileges": [
                    {
                        "name": "view",
                        "value": true
                    },
                    {
                        "name": "create",
                        "value": true
                    },
                    {
                        "name": "update",
                        "value": true
                    },
                    {
                        "name": "delete",
                        "value": true
                    }
                ]
            },
            {
                "roleId": "approle.authenticated.user",
                "privileges": [
                    {
                        "name": "view",
                        "value": true
                    },
                    {
                        "name": "create",
                        "value": true
                    },
                    {
                        "name": "update",
                        "value": true
                    },
                    {
                        "name": "delete",
                        "value": true
                    }
                ]
            }
        ]
    }
}