{
  "pageModelVersion": "19.4.3",
  "title": "Add NoteToSupplier",
  "description": "Updates single PODATA record",
  "variables": {
    "pODATA": {
      "type": "page:getPODATAResponse"
    },
    "pODATAId": {
      "type": "string",
      "required": true,
      "input": "fromUrl"
    },
    "pODATAETag": {
      "type": "string"
    }
  },
  "metadata": {},
  "types": {
    "getPODATAResponse": {
      "buyerName": "string",
      "noteToSupplier": "string",
      "orderNumber": "string",
      "supplier": "string",
      "totalAmount": "string"
    },
    "@decorators.getPODATAResponse": {
      "endpoint": "get_PODATA",
      "service": "businessObjects",
      "path": "response"
    },
    "businessObjectsServiceErrorResponseType": {
      "body": {
        "status": "string",
        "title": "string",
        "o:errorDetails": [
          {
            "detail": "string",
            "o:errorCode": "string"
          }
        ]
      },
      "status": "number"
    }
  },
  "chains": {
    "goBackChain": {
      "root": "navigateBack",
      "actions": {
        "navigateBack": {
          "module": "vb/action/builtin/navigateBackAction",
          "outcomes": {
            "success": ""
          }
        }
      }
    },
    "loadPODATAChain": {
      "root": "loadPODATA",
      "actions": {
        "loadPODATA": {
          "module": "vb/action/builtin/restAction",
          "parameters": {
            "endpoint": "businessObjects/get_PODATA",
            "uriParams": {
              "PODATA_Id": "[[ $page.variables.pODATAId ]]"
            },
            "responseType": "page:getPODATAResponse"
          },
          "outcomes": {
            "success": "assignPayload",
            "failure": "fireErrorNotification"
          }
        },
        "assignPayload": {
          "module": "vb/action/builtin/assignVariablesAction",
          "parameters": {
            "$page.variables.pODATA": {
              "source": "{{ $chain.results.loadPODATA.body }}"
            },
            "$page.variables.pODATAETag": {
              "source": "[[ $chain.results.loadPODATA.headers.get('ETag') ]]"
            }
          },
          "outcomes": {}
        },
        "fireErrorNotification": {
          "module": "vb/action/builtin/fireNotificationEventAction",
          "parameters": {
            "summary": "Could not load data",
            "message": "{{ 'Could not load data: status ' + $chain.results.loadPODATA.payload.status }}",
            "type": "error",
            "displayMode": "persist"
          },
          "outcomes": {}
        }
      }
    },
    "savePODATAChain": {
      "variables": {
        "saveFailureResult": {
          "type": "page:businessObjectsServiceErrorResponseType"
        },
        "errorMessage": {
          "type": "string"
        },
        "saveHeaders": {
          "type": "object"
        }
      },
      "root": "checkETag",
      "actions": {
        "checkETag": {
          "module": "vb/action/builtin/ifAction",
          "parameters": {
            "condition": "[[ $page.variables.pODATAETag ]]"
          },
          "outcomes": {
            "true": "assignIfMatchHeader",
            "false": "savePODATA"
          }
        },
        "assignIfMatchHeader": {
          "module": "vb/action/builtin/assignVariablesAction",
          "parameters": {
            "$chain.variables.saveHeaders": {
              "source": "[[ { 'If-Match': $page.variables.pODATAETag } ]]"
            }
          },
          "outcomes": {
            "success": "savePODATA"
          }
        },
        "savePODATA": {
          "module": "vb/action/builtin/restAction",
          "parameters": {
            "endpoint": "businessObjects/update_PODATA",
            "body": "{{ $page.variables.pODATA }}",
            "requestType": "json",
            "uriParams": {
              "PODATA_Id": "[[ $page.variables.pODATAId ]]"
            },
            "headers": "[[ $chain.variables.saveHeaders ]]"
          },
          "outcomes": {
            "success": "assignPayload",
            "failure": "assignFailureResult"
          }
        },
        "assignPayload": {
          "module": "vb/action/builtin/assignVariablesAction",
          "parameters": {
            "$page.variables.pODATA": {
              "source": "{{ $chain.results.savePODATA.body }}"
            },
            "$page.variables.pODATAETag": {
              "source": "[[ $chain.results.savePODATA.headers.get('ETag') ]]"
            }
          },
          "outcomes": {
            "success": "fireSuccessNotification"
          }
        },
        "fireSuccessNotification": {
          "module": "vb/action/builtin/fireNotificationEventAction",
          "parameters": {
            "summary": "PODATA saved",
            "message": "PODATA record successfully updated",
            "type": "confirmation",
            "displayMode": "transient"
          },
          "outcomes": {
            "success": "callGoBackChain"
          }
        },
        "callGoBackChain": {
          "module": "vb/action/builtin/callChainAction",
          "parameters": {
            "id": "goBackChain"
          }
        },
        "assignFailureResult": {
          "module": "vb/action/builtin/assignVariablesAction",
          "parameters": {
            "$chain.variables.saveFailureResult": {
              "source": "[[ $chain.results.savePODATA.payload ]]"
            }
          },
          "outcomes": {
            "success": "testFailureDetails"
          }
        },
        "testFailureDetails": {
          "module": "vb/action/builtin/ifAction",
          "outcomes": {
            "true": "handleDetailedErrorMessage",
            "false": "handleDefaultErrorMessage"
          },
          "parameters": {
            "condition": "[[ $chain.variables.saveFailureResult.body['o:errorDetails'][0] ]]"
          }
        },
        "handleDetailedErrorMessage": {
          "module": "vb/action/builtin/assignVariablesAction",
          "outcomes": {
            "success": "fireErrorNotification"
          },
          "parameters": {
            "$chain.variables.errorMessage": {
              "source": "[[ $chain.variables.saveFailureResult.body['o:errorDetails'][0].detail ]]"
            }
          }
        },
        "handleDefaultErrorMessage": {
          "module": "vb/action/builtin/assignVariablesAction",
          "outcomes": {
            "success": "fireErrorNotification"
          },
          "parameters": {
            "$chain.variables.errorMessage": {
              "source": "[[ 'Could not update PODATA: status ' + $chain.results.savePODATA.payload.status ]]"
            }
          }
        },
        "fireErrorNotification": {
          "module": "vb/action/builtin/fireNotificationEventAction",
          "parameters": {
            "summary": "Save failed",
            "message": "[[ $chain.variables.errorMessage ]]",
            "type": "error",
            "displayMode": "persist"
          }
        }
      }
    },
    "ButtonActionChain": {
      "description": "",
      "variables": {
        "detail": {
          "required": true,
          "type": "any",
          "input": "fromCaller"
        }
      },
      "root": "callComponentMethod1",
      "actions": {
        "startProcess1": {
          "module": "vb/extensions/process/action/builtin/startProcessAction",
          "parameters": {
            "alias": "ApprovalProcess_Live",
            "interfaceId": "start",
            "arguments": {
              "OrderNumber": "{{ $chain.results.callRestEndpoint1.body.orderNumber }}",
              "POHeaderId": "{{ $chain.results.callRestEndpoint1.body.pOHeaderId }}",
              "NoteToSupplier": "{{ $page.variables.pODATA.noteToSupplier }}",
              "Supplier": "{{ $chain.results.callRestEndpoint1.body.supplier }}",
              "TotalAmount": "{{ $chain.results.callRestEndpoint1.body.totalAmount }}",
              "ProcessInitiator": "{{ $application.user.email }}",
              "CreationDate": "{{ $chain.results.callRestEndpoint1.body.creationDate2 }}"
            }
          },
          "outcomes": {
            "success": "fireNotification2"
          }
        },
        "callRestEndpoint1": {
          "module": "vb/action/builtin/restAction",
          "parameters": {
            "endpoint": "businessObjects/get_PODATA",
            "uriParams": {
              "PODATA_Id": "{{ $page.variables.pODATAId }}"
            }
          },
          "outcomes": {
            "failure": "fireNotification1",
            "success": "startProcess1"
          }
        },
        "fireNotification1": {
          "module": "vb/action/builtin/fireNotificationEventAction",
          "parameters": {
            "target": "leaf",
            "summary": "[[ $chain.results.callRestEndpoint1.message.summary ]]",
            "type": "error",
            "displayMode": "persist"
          }
        },
        "fireNotification2": {
          "module": "vb/action/builtin/fireNotificationEventAction",
          "parameters": {
            "target": "leaf",
            "summary": "Success",
            "message": "Approval Workflow has been created. Once approved your changes will reflect here.",
            "displayMode": "transient",
            "type": "confirmation"
          },
          "outcomes": {
            "success": "navigateBack1"
          }
        },
        "navigateBack1": {
          "module": "vb/action/builtin/navigateBackAction"
        },
        "callComponentMethod1": {
          "module": "vb/action/builtin/callComponentMethodAction",
          "parameters": {
            "component": "{{ document.getElementById('oj-dialog--1819393533-1') }}",
            "method": "open"
          },
          "outcomes": {
            "success": "callRestEndpoint1"
          }
        }
      }
    }
  },
  "eventListeners": {
    "backButtonClicked": {
      "chains": [
        {
          "chainId": "goBackChain"
        }
      ]
    },
    "saveButtonClicked": {
      "chains": [
        {
          "chainId": "ButtonActionChain",
          "parameters": {
            "detail": "{{ $event.detail }}"
          }
        }
      ]
    },
    "vbEnter": {
      "chains": [
        {
          "chainId": "loadPODATAChain"
        }
      ]
    },
    "vbResourceChanged": {
      "chains": [
        {
          "chainId": "application:resourceChangedHandler",
          "parameters": {
            "event": "{{ $event }}"
          }
        }
      ]
    }
  },
  "imports": {
    "components": {
      "oj-form-layout": {
        "path": "ojs/ojformlayout"
      },
      "oj-input-text": {
        "path": "ojs/ojinputtext"
      },
      "oj-toolbar": {
        "path": "ojs/ojtoolbar"
      },
      "oj-button": {
        "path": "ojs/ojbutton"
      },
      "oj-dialog": {
        "path": "ojs/ojdialog"
      }
    }
  }
}