{
  "pageModelVersion": "19.4.3",
  "title": "",
  "description": "",
  "variables": {
    "pODATAListSDP": {
      "type": "vb/ServiceDataProvider",
      "defaultValue": {
        "endpoint": "businessObjects/getall_PODATA",
        "idAttribute": "id",
        "itemsPath": "items",
        "responseType": "page:getallPODATAResponse"
      }
    },
    "pODATASelectedId": {
      "type": "string",
      "defaultValue": ""
    },
    "pODATAListSDP2": {
      "type": "vb/ServiceDataProvider",
      "defaultValue": {
        "endpoint": "businessObjects/getall_PODATA",
        "idAttribute": "id",
        "itemsPath": "items",
        "responseType": "page:getallPODATAResponse2"
      }
    }
  },
  "metadata": {},
  "types": {
    "getallPODATAResponse": {
      "items": [
        {
          "buyerName": "string",
          "creationDate2": "string",
          "currency": "string",
          "id": "number",
          "noteToSupplier": "string",
          "orderNumber": "string",
          "pOHeaderId": "string",
          "supplier": "string",
          "totalAmount": "string"
        }
      ]
    },
    "@decorators.getallPODATAResponse": {
      "endpoint": "getall_PODATA",
      "service": "businessObjects",
      "path": "response"
    },
    "getallPODATAResponse2": {
      "items": [
        {
          "creationDate2": "string",
          "id": "number",
          "noteToSupplier": "string",
          "orderedAmount": "string",
          "orderNumber": "string",
          "pOHeaderId": "string"
        }
      ]
    },
    "@decorators.getallPODATAResponse2": {
      "endpoint": "getall_PODATA",
      "service": "businessObjects",
      "path": "response"
    }
  },
  "chains": {
    "pODATAChangeSelectionChain": {
      "variables": {
        "pODATAId": {
          "type": "string",
          "input": "fromCaller",
          "defaultValue": ""
        }
      },
      "root": "assignVariable",
      "actions": {
        "assignVariable": {
          "module": "vb/action/builtin/assignVariablesAction",
          "parameters": {
            "$page.variables.pODATASelectedId": {
              "source": "[[ $chain.variables.pODATAId ]]"
            }
          },
          "outcomes": {
            "success": ""
          }
        }
      }
    },
    "navigateToEditPODATAChain": {
      "root": "navigateToEdit",
      "variables": {
        "pODATAId": {
          "type": "string",
          "input": "fromCaller",
          "required": true
        }
      },
      "actions": {
        "navigateToEdit": {
          "module": "vb/action/builtin/navigateToPageAction",
          "parameters": {
            "history": "push",
            "page": "main-edit-podata",
            "params": {
              "pODATAId": "[[ $chain.variables.pODATAId ]]"
            }
          },
          "outcomes": {
            "success": ""
          }
        }
      }
    },
    "ButtonActionChain": {
      "description": "",
      "variables": {
        "detail": {
          "required": true,
          "type": "any",
          "input": "fromCaller"
        }
      },
      "root": "callComponentMethod1",
      "actions": {
        "callComponentMethod1": {
          "module": "vb/action/builtin/callComponentMethodAction",
          "parameters": {
            "component": "{{ document.getElementById('oj-list-view-2133031705-1') }}",
            "method": "refresh"
          }
        }
      }
    }
  },
  "eventListeners": {
    "pODATASelectionChanged": {
      "chains": [
        {
          "chainId": "pODATAChangeSelectionChain",
          "parameters": {
            "pODATAId": "[[ $event.detail.value.key || '' ]]"
          }
        }
      ]
    },
    "editPODATAButtonClicked": {
      "chains": [
        {
          "chainId": "navigateToEditPODATAChain",
          "parameters": {
            "pODATAId": "[[ $page.variables.pODATASelectedId ]]"
          }
        }
      ]
    },
    "ojButtonOjAction": {
      "chains": [
        {
          "chainId": "ButtonActionChain",
          "parameters": {
            "detail": "{{ $event.detail }}"
          }
        }
      ]
    }
  },
  "imports": {
    "components": {
      "oj-list-view": {
        "path": "ojs/ojlistview"
      },
      "oj-label": {
        "path": "ojs/ojlabel"
      },
      "oj-toolbar": {
        "path": "ojs/ojtoolbar"
      },
      "oj-button": {
        "path": "ojs/ojbutton"
      }
    }
  }
}