<?xml version="1.0" encoding="UTF-8"?><api-library>   <name>RandomUtils</name>   <code>RANDOMUTILS</code>   <version>01.00.0000</version>   <implementationType>JAVASCRIPT</implementationType>   <sources>      <source>         <fileName>random.js</fileName>         <apiDefinitions>            <api apiid="RANDOMUTILS:01.00.0000:random.js:generateRandomNumber:topLimit">               <classification>ORCHESTRATION</classification>               <name>generateRandomNumber</name>               <inputParameters>                  <input>                     <icon>/oracle/ics/webconsole/view/images/numeric_24_ena.png</icon>                     <name>topLimit</name>                     <type>int</type>                  </input>               </inputParameters>               <libraryCode>RANDOMUTILS</libraryCode>               <outputParameters>                  <output>                     <icon>/oracle/ics/webconsole/view/images/numeric_24_ena.png</icon>                     <name>randNumber</name>                     <type>int</type>                  </output>               </outputParameters>               <unsupportedSyntax>false</unsupportedSyntax>            </api>            <api apiid="RANDOMUTILS:01.00.0000:random.js:generateUuid:c">               <classification>ORCHESTRATION</classification>               <name>generateUuid</name>               <inputParameters>                  <input>                     <icon>/oracle/ics/webconsole/view/images/string_24_ena.png</icon>                     <name>c</name>                     <type>string</type>                  </input>               </inputParameters>               <libraryCode>RANDOMUTILS</libraryCode>               <outputParameters>                  <output>                     <icon>/oracle/ics/webconsole/view/images/string_24_ena.png</icon>                     <name>uuid</name>                     <type>string</type>                  </output>               </outputParameters>               <unsupportedSyntax>false</unsupportedSyntax>            </api>            <api apiid="RANDOMUTILS:01.00.0000:random.js:SeedRandom:state1:state2:limit">               <name>SeedRandom</name>               <inputParameters>                  <input>                     <icon>/oracle/ics/webconsole/view/images/string_24_ena.png</icon>                     <name>state1</name>                     <type>string</type>                  </input>                  <input>                     <icon>/oracle/ics/webconsole/view/images/string_24_ena.png</icon>                     <name>state2</name>                     <type>string</type>                  </input>                  <input>                     <icon>/oracle/ics/webconsole/view/images/string_24_ena.png</icon>                     <name>limit</name>                     <type>string</type>                  </input>               </inputParameters>               <libraryCode>RANDOMUTILS</libraryCode>               <outputParameters>                  <output>                     <icon>/oracle/ics/webconsole/view/images/string_24_ena.png</icon>                     <name>random</name>                     <type>string</type>                  </output>               </outputParameters>               <unsupportedSyntax>false</unsupportedSyntax>            </api>         </apiDefinitions>         <libraryCode>RANDOMUTILS</libraryCode>         <path>/scratch/sgeib/fmwhome12/user_projects/domains/soainfra/servers/ic_server1/storage/ics/tmp/WC/RandomUtils/random.js</path>      </source>   </sources></api-library>