{"schemaVersion":"1.0","name":"ApprovalProcess_Live","registeredProcess":{"id":"oracleinternalpcs~Approval_App!2.0~Process","project":"Approval_App","projectVersion":"2.0","useDefaultVersion":true,"processName":"Process","isPlayerInstance":false,"interfaces":[{"id":"start","label":"Receive Message","parameters":{"OrderNumber":{"type":"string","detail":"{http://www.w3.org/2001/XMLSchema}string"},"POHeaderId":{"type":"string","detail":"{http://www.w3.org/2001/XMLSchema}string"},"NoteToSupplier":{"type":"string","detail":"{http://www.w3.org/2001/XMLSchema}string"},"Supplier":{"type":"string","detail":"{http://www.w3.org/2001/XMLSchema}string"},"TotalAmount":{"type":"string","detail":"{http://www.w3.org/2001/XMLSchema}string"},"ProcessInitiator":{"type":"string","detail":"{http://www.w3.org/2001/XMLSchema}string"},"CreationDate":{"type":"string","detail":"{http://www.w3.org/2001/XMLSchema}string"}}}]}}